Category,Name,Color,Price (VND),Image
Nike Zoom,Nike Zoom Vomero 5,Brown,4699000,"https://static.nike.com/a/images/c_limit,w_592,f_auto/t_product_v1/4edbdb10-4788-42de-a0d0-4d4f27ea76a4/NIKE+ZOOM+VOMERO+5.png"
Nike Zoom,Nike Zoom Vomero 5,White,4999000,"https://static.nike.com/a/images/c_limit,w_592,f_auto/t_product_v1/1ee97e93-265b-49fa-a393-fcb254b9a273/W+NIKE+ZOOM+VOMERO+5.png"
Nike Zoom,Nike Zoom GP Challenge 1,White,4409000,"https://static.nike.com/a/images/t_PDP_144_v1/f_auto,q_auto:eco/6d59f481-bce8-47c2-b812-7ef778388cdb/W+ZOOM+GP+CHALLENGE+1+HC.png"
Nike Zoom,Nike Zoom Vomero 5,Blue,4699000,"https://static.nike.com/a/images/c_limit,w_592,f_auto/t_product_v1/e90f37c3-21e4-44ae-b242-53cbb68f09a3/NIKE+ZOOM+VOMERO+5.png"
Nike Air Force,Nike Air Force 1 LV8,White,2679000,"https://static.nike.com/a/images/c_limit,w_592,f_auto/t_product_v1/95f54b8d-a75b-4708-a911-a6e5ce729f32/AIR+FORCE+1+LV8+3+%28GS%29.png"
Nike Air Force,Nike Air Force 1 '07 LV8,Black,2815199,"https://static.nike.com/a/images/c_limit,w_592,f_auto/t_product_v1/2cf44a3e-abf1-468b-b999-44343fe7dd6a/AIR+FORCE+1+%2707+LV8.png"
Nike Air Force,Nike Air Force 1 '07 LV8,White,2815199,"https://static.nike.com/a/images/c_limit,w_592,f_auto/t_product_v1/30d0e36b-5d7c-4db5-adea-a2d747c56167/AIR+FORCE+1+%2707+LV8.png"
Nike Air Force,Nike Air Force 1 '07 Texture,White,3329000,"https://static.nike.com/a/images/c_limit,w_592,f_auto/t_product_v1/f888b4a3-a02a-420d-93e3-cb33c3bb30ac/AIR+FORCE+1+%2707.png"
Nike Air Force,Nike Air Force 1 '07,White,3239000,"https://static.nike.com/a/images/c_limit,w_592,f_auto/t_product_v1/9f55d934-bac4-4cb3-8d67-bb6c71121d03/AIR+FORCE+1+%2707.png"
Nike Air Force,Nike Air Force 1 '07 LV8,White,2815199,"https://static.nike.com/a/images/c_limit,w_592,f_auto/t_product_v1/3cb63f6d-7068-4e90-b300-7c90750e1305/AIR+FORCE+1+%2707+LV8.png"
Nike Air Force,Nike Air Force 1 '07,White,3829000,"https://static.nike.com/a/images/c_limit,w_592,f_auto/t_product_v1/6ea5bb09-26b9-4232-ba27-821cf7743681/AIR+FORCE+1+%2707.png"
Nike Dunk Low,Nike Dunk Low,Brown,2929000,"https://static.nike.com/a/images/c_limit,w_592,f_auto/t_product_v1/dc2b6257-f7dc-4a07-a845-1043f9a9da31/W+NIKE+DUNK+LOW.png"
Nike Dunk Low,Nike Dunk Low LX,Brown,3519000,"https://static.nike.com/a/images/c_limit,w_592,f_auto/t_product_v1/468c655a-505f-4e45-93a8-ef2d6af3a35e/W+NIKE+DUNK+LOW+LX.png"
Nike Dunk Low,Nike Dunk Low Retro SE Leather/Suede,Red,3519000,"https://static.nike.com/a/images/c_limit,w_592,f_auto/t_product_v1/69c48847-9e6c-454d-a3c0-1d5fd4b38aba/NIKE+DUNK+LOW+RETRO+SE.png"
Nike Dunk Low,Nike Dunk Low,White,2169000,"https://static.nike.com/a/images/c_limit,w_592,f_auto/t_product_v1/8ff80717-63aa-4c23-9ab6-1c66138402d3/NIKE+DUNK+LOW+%28GS%29.png"
Nike Dunk Low,Nike Dunk Low Premium,White,3829000,"https://static.nike.com/a/images/c_limit,w_592,f_auto/t_product_v1/ae5bfa27-6e51-48ee-adab-a52d10c1dbee/W+NIKE+DUNK+LOW+PRM.png"
Nike Dunk Low,Nike Dunk Low,Gray,2419000,"https://static.nike.com/a/images/c_limit,w_592,f_auto/t_product_v1/a09f957e-115e-4121-88e4-697ccdbb55f1/NIKE+DUNK+LOW+GS.png"
Nike Dunk Low,Nike Dunk Low Retro,White,2815000,"https://static.nike.com/a/images/c_limit,w_592,f_auto/t_product_v1/cf6c1929-6aa6-450f-b409-21e43febe966/NIKE+DUNK+LOW+RETRO.png"
Nike Pegasus,Nike Pegasus 41 Blueprint,White,2679000,"https://static.nike.com/a/images/c_limit,w_592,f_auto/t_product_v1/1dfae5d6-1241-4169-8bd5-c3d546dbf834/PEGASUS+41+BLUEPRINT+%28GS%29.png"
Nike Pegasus,Nike Pegasus Plus,Blue,5279000,"https://static.nike.com/a/images/c_limit,w_592,f_auto/t_product_v1/a8d4db3a-4e39-4461-ba51-160e157dc450/NIKE+PEGASUS+PLUS+CM.png"
Nike Pegasus,Nike Pegasus 41 GORE-TEX,Blue,4699000,"https://static.nike.com/a/images/c_limit,w_592,f_auto/t_product_v1/66a6723b-81ca-404b-b41f-203f5b34d2f5/W+AIR+ZM+PEGASUS+41+GTX.png"
Nike Pegasus,Nike Pegasus 41 Premium,White,4109000,"https://static.nike.com/a/images/c_limit,w_592,f_auto/t_product_v1/b4901e2b-198f-49cb-8e9b-c93bc6c60042/W+AIR+ZOOM+PEGASUS+41+PRM.png"
Nike Pegasus,Nike Pegasus 41,Black,3829000,"https://static.nike.com/a/images/c_limit,w_592,f_auto/t_product_v1/654ae3ec-14af-4fe4-b477-1ec65950247b/W+AIR+ZOOM+PEGASUS+41.png"
Nike Pegasus,Nike Pegasus Trail 5,Blue,3059000,"https://static.nike.com/a/images/c_limit,w_592,f_auto/t_product_v1/a75290bb-fb9a-4828-b39e-d238c80ddad8/NIKE+PEGASUS+TRAIL+5+%28GS%29.png"
Nike Pegasus,Nike Pegasus Trail 5,Gray,4109000,"https://static.nike.com/a/images/c_limit,w_592,f_auto/t_product_v1/e5d7c9c2-d5eb-4e2f-8531-c17f6926a3a0/NIKE+REACTX+PEGASUS+TRAIL+5.png"
ASIAN Men COSCO Navy,ASIAN Men COSCO Navy,Blue,710,https://images.meesho.com/images/products/25874127/ffda4_512.webp
ASIAN Men COSCO Navy,ASIAN Men COSCO Navy,Silver,710,https://images.meesho.com/images/products/25874129/dddf6_512.webp
ASIAN Men COSCO Navy,ASIAN Men COSCO Navy,Black,710,https://images.meesho.com/images/products/25874128/09d78_512.webp
ASIAN Men COSCO Navy,ASIAN Men COSCO Navy,Gray,710,https://images.meesho.com/images/products/25874130/423e2_512.webp
ASIAN Men COSCO Navy,ASIAN Men COSCO Navy,White,710,https://images.meesho.com/images/products/25874126/b6ae9_512.webp
ASIAN Men COSCO Navy,ASIAN Men COSCO Navy,Brown,710,https://images.meesho.com/images/products/25874125/6c6fb_512.webp
ASIAN Men Bouncer-01,Nike Air Force 1 LV8,Black,573,https://images.meesho.com/images/products/280860198/wtig0_512.webp
ASIAN Men Bouncer-01,Nike Air Force 1 '07 LV8,Black,573,https://images.meesho.com/images/products/280860199/xpqux_512.webp
ASIAN Men Bouncer-01,Nike Air Force 1 '07 LV8,Gray,573,https://images.meesho.com/images/products/280860202/batip_512.webp
ASIAN Men Bouncer-01,Nike Air Force 1 '07 LV8,Black,573,https://images.meesho.com/images/products/280860197/t3mzk_512.webp
Asian CRYSTAL-13-NcWHTBLU,Nike Dunk Low,White,1343,https://images.meesho.com/images/products/386730294/zxtjx_512.webp
Asian CRYSTAL-13-NcWHTBLU,Nike Dunk Low,Brown,1343,https://images.meesho.com/images/products/386730291/yt3dv_512.webp
Asian CRYSTAL-13-NcWHTBLU,Nike Dunk Low,Black,1343,https://images.meesho.com/images/products/386730293/nvdgg_512.webp
Asian CRYSTAL-13-NcWHTBLU,Nike Dunk Low,Black,1343,https://images.meesho.com/images/products/386730292/hntub_512.webp
Asian CRYSTAL-13-NcWHTBLU,Nike Dunk Low,Black,1343,https://images.meesho.com/images/products/386730295/1rbkm_512.webp
Asian CRYSTAL-13-NcWHTBLU,Nike Dunk Low,Black,1343,https://images.meesho.com/images/products/386730297/ph6m4_512.webp
Asian CRYSTAL-13-NcWHTBLU,Nike Dunk Low LX,White,1343,https://images.meesho.com/images/products/386730296/vjwt9_512.webp
Asian NEXON-13cL,Asian NEXON-13cLGREYPGREEN,Gray,811,https://images.meesho.com/images/products/370429010/pcpkf_512.webp
Asian NEXON-13cL,Asian NEXON-13cBLCKPGRN,Black,811,https://images.meesho.com/images/products/370429009/jrsgn_512.webp
Asian NEXON-13cL,Asian NEXON-13cNBLUE,Blue,811,https://images.meesho.com/images/products/370429011/uz0wv_512.webp
Asian NEXON-13cL,Asian NEXON-13cWHITETBLUE,White,811,https://images.meesho.com/images/products/370429012/fmyto_512.webp
Campus 00s shoes,Campus 00s shoes,Brown,140,"https://assets.adidas.com/images/h_840,f_auto,q_auto,fl_lossy,c_fill,g_auto/ed8cf954510b401eafd98d13b1dbed76_9366/Campus_00s_Shoes_Black_JH8998_01_standard.jpg"
Campus 00s shoes,Campus 00s shoes,Red,140,"https://assets.adidas.com/images/h_840,f_auto,q_auto,fl_lossy,c_fill,g_auto/25a3b8dec4ab475b88ac76884e5fd2ba_9366/Campus_00s_Shoes_Burgundy_ID1420_01_00_standard.jpg"
Campus 00s shoes,Campus 00s shoes,Green,140,"https://assets.adidas.com/images/h_840,f_auto,q_auto,fl_lossy,c_fill,g_auto/a7714ffb4a0045759006ed0d3cff4d9b_9366/Campus_00s_Shoes_Green_JH7606_01_00_standard.jpg"
Campus 00s shoes,Campus 00s shoes,Grey,140,"https://assets.adidas.com/images/h_2000,f_auto,q_auto,fl_lossy,c_fill,g_auto/285993cac2434373983ed43a316a53e9_9366/Campus_00s_Beta_Shoes_Grey_JR2461_01_00_standard.jpg"
Campus 00s shoes,Campus 00s shoes,Orange,140,"https://assets.adidas.com/images/h_2000,f_auto,q_auto,fl_lossy,c_fill,g_auto/b2c1a54dba1f4b56b9e047ea9354063a_9366/Campus_00s_Shoes_Orange_ID1436_01_standard.jpg"
Campus 00s shoes,Campus 00s shoes,Blue,140,"https://assets.adidas.com/images/h_2000,f_auto,q_auto,fl_lossy,c_fill,g_auto/f81a93942800473fa6cbaf7b00b2d48b_9366/Campus_00s_Shoes_Blue_H03471_01_standard.jpg"
Campus 00s shoes,Campus 00s beta shoes,Gray,140,"https://assets.adidas.com/images/h_840,f_auto,q_auto,fl_lossy,c_fill,g_auto/111cd92649c84b41b445959d42e1f109_9366/Campus_00s_Beta_Shoes_Grey_JR2462_01_00_standard.jpg"
Campus 00s shoes,Campus 00s shoes,Brown,140,"https://assets.adidas.com/images/h_840,f_auto,q_auto,fl_lossy,c_fill,g_auto/1b310c445a17412b84f6a2e5b7f8e66f_9366/Campus_00s_Shoes_Brown_IF8770_01_standard.jpg"
Campus ADV shoes,Campus ADV shoes,Blue,140,"https://assets.adidas.com/images/h_840,f_auto,q_auto,fl_lossy,c_fill,g_auto/a078f9a2d1cf403f8d70efe19bfa9f1f_9366/Campus_ADV_Shoes_Blue_JP8204_01_00_standard.jpg"
Campus ADV shoes,Campus ADV shoes,Black,140,"https://assets.adidas.com/images/h_2000,f_auto,q_auto,fl_lossy,c_fill,g_auto/ad2e17579cc7450e95dda919015d3e03_9366/Campus_ADV_Shoes_Black_B22716_01_standard.jpg"
Campus ADV shoes,Campus ADV shoes, Black,140,https://www.jordan1.vn/wp-content/uploads/2023/09/gw3131.png_e982af84262a4feca484b_167eb28c25e04eab80420409986786de-300x305.png
Campus ADV shoes,Campus ADV shoes,White,140,https://www.skateboard.com.au/cdn/shop/products/4dab2f3337fa4af3a54faf2901392972_f540_1_92x92_crop_center.png?v=1675302656
Campus 80s shoes,Campus 80s shoes,Gray,140,"https://assets.adidas.com/images/h_2000,f_auto,q_auto,fl_lossy,c_fill,g_auto/bf886ea6c7d14252a3c2ae8d00401d96_9366/Campus_80s_Shoes_Grey_FZ6154_01_standard.jpg"
Campus 80s shoes,Campus 80s shoes,Red,140,"https://assets.adidas.com/images/h_840,f_auto,q_auto,fl_lossy,c_fill,g_auto/56a251881a4d46dc9838ae93003c4d16_9366/Campus_80s_Shoes_Burgundy_FZ6152_01_standard.jpg"
Campus 80s shoes,Campus 80s shoes,Green,140,"https://assets.adidas.com/images/h_840,f_auto,q_auto,fl_lossy,c_fill,g_auto/8d364e26586d4a2393627bb8a6031c2e_9366/Campus_80s_Shoes_Green_IG1351_01_standard.jpg"
Campus 80s shoes,Campus 80s shoes DeWitt Originals Shoes,White,140,"https://assets.adidas.com/images/h_840,f_auto,q_auto,fl_lossy,c_fill,g_auto/7cde36c97ea6477cb634c4142025e02d_9366/Campus_80s_Cali_DeWitt_Originals_Shoes_Grey_IG3137_01_standard.jpg"
Campus 80s shoes,Campus 80s shoes DeWitt Originals Shoes,Blue,140,"https://assets.adidas.com/images/h_840,f_auto,q_auto,fl_lossy,c_fill,g_auto/bd7afba3008b4fb8bab8831fc6426499_9366/Campus_80s_Cali_DeWitt_Originals_Shoes_Blue_IG3142_01_standard.jpg"
Sparx Shoe,Sparx Shoe SM-414 Black Grey For Kids,Black,1031,https://images.meesho.com/images/products/375710449/uotxg_512.webp
Sparx Shoe,Sparx Shoe SM-414 Navy Blue White For Men,Blue,1031,https://images.meesho.com/images/products/375710450/ixezy_512.webp
Sparx Shoe,Sparx Shoe SM-414 Grey Orange For Men,Black,1031,https://images.meesho.com/images/products/375710453/9u8q1_512.webp
Sparx Shoe,Sparx Shoe SM-414 Black Gold For Men,Black,1031,https://images.meesho.com/images/products/375710451/foke0_512.webp
Sparx Shoe,Sparx Shoe SM-680 Black Gold For Men,Black,1163,https://images.meesho.com/images/products/376304902/4dstr_512.webp
Sparx Shoe,Sparx Shoe SM-680 Grey Red For Men,Gray,1163,https://images.meesho.com/images/products/376304903/frle7_512.webp
Sparx Shoe,Sparx Shoe SM-816 Black Orange For Men,Black,1331,https://images.meesho.com/images/products/375548876/zo9cq_512.webp
Sparx Shoe,Sparx Shoe SM-816 Grey Green For Men,Black,1463,https://images.meesho.com/images/products/375548878/6tlxw_512.webp
Sparx Shoe,SM-797,White,1080,https://images.meesho.com/images/products/376332903/a1osl_512.webp
Sparx Shoe,SM-797,White,1519,https://images.meesho.com/images/products/376332904/zwth1_512.webp
Sparx Shoe,Sparx Sports Shoe SM-911 White For Men,White,1783,https://images.meesho.com/images/products/385824380/khezm_512.webp
Sparx Shoe,Sparx Sports Shoe SM-911 Black For Men,Blue,1776,https://images.meesho.com/images/products/382251560/zidax_512.webp
Sparx Shoe,Sparx Sports Shoe SM-869 Blue For Men,White,1168,https://images.meesho.com/images/products/382251563/qdz8h_512.webp
Sparx Shoe,SM-830,White,1736,https://images.meesho.com/images/products/376334528/sp8xe_512.webp
Sparx Shoe,Sparx Shoe SM 884 Metallic Copper For Men,Blue,1662,https://images.meesho.com/images/products/375548875/ncnr2_512.webp
Sparx Shoe,SM-807,Black,888,https://images.meesho.com/images/products/376334550/htpyn_512.webp
Sparx Shoe,Sparx Sports Shoe SM-865 White Blue For Men,White,1039,https://images.meesho.com/images/products/389094270/ize0m_512.webp
Sparx Shoe,Sparx Sports Shoe SM-954 Black For Men,Blue,1805,https://images.meesho.com/images/products/456428126/wvlif_512.webp
Sparx Shoe,Sparx Sports Shoe SM-816 White For Men,White,1447,https://images.meesho.com/images/products/426622256/1juma_512.webp
Sparx Shoe,Sparx Shoe SL 242 Pink For Men,Gray,1251,https://images.meesho.com/images/products/375548865/7fsm0_512.webp
Sandal Men,Sandal TL55,Black,200000,https://file.hstatic.net/1000376344/file/1e52ad75ab9807c65e891_263fb0b7fcae4093b897a5a7419bd92c_large.jpg
Sandal Men,Sandal TL563,Black,200000,https://file.hstatic.net/1000376344/file/173e2f761a0adc54851b33_3f2b7bf0cc49426eb3d96e06510e6719_large.jpg
Sandal Men,Sandal TL543,Black,200000,https://file.hstatic.net/1000376344/file/4bf0531c437e8420dd6f81_f85d35bb9b8748a98c81c3a1935a899e_grande.jpg
Sandal Men,Sandal TL546,Black,200000,https://file.hstatic.net/1000376344/file/img_4515_copy_6c2e6faaf25f4a77a6fc479a4c3c78ff_grande.png
Sandal Men,Sandal TL559,Black,200000,https://file.hstatic.net/1000376344/file/5eab5f724e10894ed00191_291e84082c2946dd8e1d5b0eaefc74ba_large.jpg
Sandal Men,Sandal TL564,Black,215000,https://file.hstatic.net/1000376344/file/5ffce2a0d5dc13824acd10_6f014f61420243ab972b39b6a7663e46_large.jpg
Sandal Men,Sandal TL542,Black,215000,https://file.hstatic.net/1000376344/file/l542q_6731b9bab96f402b915cb89e96e03725_large.jpg
Sandal Men,Sandal TL540,Black,215000,https://file.hstatic.net/1000376344/file/l540o_18c67a81ee95409c8f172ba501a34885_large.jpg
Sandal Men,Sandal UU80,Black,235000,https://file.hstatic.net/1000376344/file/u80t_962467f143f5417c84ef960a9fb745f4_large.jpg
Sandal Men,Sandal UU42,Silver,235000,https://file.hstatic.net/1000376344/file/7d9a7f2f7553d00d8942172_large.jpg
Foam Slippers,Adidas men's cross strap sandals,Black,50000,https://down-vn.img.susercontent.com/file/vn-11134207-7r98o-lni6tp7nbl654e.webp
Foam Slippers,Men's Plastic Molded Sandals,Black,79000,https://down-vn.img.susercontent.com/file/sg-11134201-23020-zjza0fzp60mvda.webp
Foam Slippers,Unisex Men's Sandals,Black,155000,https://down-vn.img.susercontent.com/file/vn-11134207-7r98o-lpt5yjnmxcr67d.webp
Foam Slippers,Unisex Men's Sandals,Black,155000,https://down-vn.img.susercontent.com/file/vn-11134207-7r98o-lpt5yjnmm4hj7f.webp
Foam Slippers,FM men's cross strap sandals with PVC strap,Black,164000,https://down-vn.img.susercontent.com/file/vn-11134207-7ras8-m3mypgpid8sc62.webp
Foam Slippers,Pathon PVC men's cross strap slippers,Black,129000,https://down-vn.img.susercontent.com/file/sg-11134201-22100-25pdl5hqb1ivae.webp
Foam Slippers,Pathon men's cross strap slippers,Black,129000,https://down-vn.img.susercontent.com/file/vn-11134207-7ras8-m1uuvhpiyx1bc6.webp
Foam Slippers,Pathon men's cross strap slippers,Black,129000,https://down-vn.img.susercontent.com/file/vn-11134207-7ras8-m1uuvhpiywr733.webp
Foam Slippers,Pathon SD120 Sandals PVC,Black,129000,https://down-vn.img.susercontent.com/file/vn-11134207-7ras8-m1uv9z4000cf74.webp
Foam Slippers,Pathon SD120 Sandals PVC,Black,129000,https://down-vn.img.susercontent.com/file/vn-11134207-7ras8-m1uv9z3zylrz8c@resize_w450_nl.webp
Foam Slippers,Pathon SD38 Sandals PVC,Black,129000,https://down-vn.img.susercontent.com/file/fe3e1236a99f27f8f94d31afbc50e870.webp
Shoe care and cleaning,ECOCO high quality soft bristle shoe brush,White,39000,https://down-vn.img.susercontent.com/file/vn-11134207-7r98o-lynlgfjyzu4tc2@resize_w450_nl.webp
Shoe care and cleaning,KY LIEN High-Class Shoe Brush,Black,11000,https://down-vn.img.susercontent.com/file/vn-11134207-7r98o-lnbigex9iqct8f.webp
Shoe care and cleaning,Sneaker cleaning cloth -kc728,Yellow,18000,https://down-vn.img.susercontent.com/file/vn-11134201-7r98o-lv8cftc78x6zb0.webp
Shoe care and cleaning,Sports Shoe Cleaning Tissue,Black,15500,https://down-vn.img.susercontent.com/file/858a4721f54f089a55eb1a5308f2e361.webp
Shoe care and cleaning,Shoe whitening bottle,White,15000,https://down-vn.img.susercontent.com/file/vn-11134201-7ras8-m3r9x4peyoqkff@resize_w450_nl.webp
Shoe care and cleaning,KOSE HIGH-CLASS SHOE CLEANER,White,85000,https://down-vn.img.susercontent.com/file/090f75b1f4eeddcc4f5c58a6d392b700.webp
Shoe care and cleaning,Combo of 50 Melamine Foam Pads,Black,125000,https://down-vn.img.susercontent.com/file/vn-11134207-7qukw-li407kxv7jyq09@resize_w450_nl.webp
Deodorize and protect shoes,Silver Nano Shoe Deodorant Spray,Blue,17900,https://down-vn.img.susercontent.com/file/vn-11134207-7r98o-lsspknf1lj1523.webp
Deodorize and protect shoes,Nano Shoe Deodorant Spray,Black,48000,https://down-vn.img.susercontent.com/file/vn-11134207-7ras8-m4pfrwfzdj4748.webp
Deodorize and protect shoes,Ximo High Quality Shoe Deodorant Spray,Blue,40000,https://down-vn.img.susercontent.com/file/vn-11134207-7ras8-m2tfv45znl6ud7.webp
Deodorize and protect shoes,6 Shoe Stickers,Black,17280,https://down-vn.img.susercontent.com/file/sg-11134301-7rdvm-ly3gq6v3n0r11e.webp
Deodorize and protect shoes,Set of 4 Anti-Slip High Heel Protectors,Black,20000,https://down-vn.img.susercontent.com/file/cce7e6ed76e00f806856622555d9a3de.webp
Shoe storage,Shoe Storage Bag,Gray,10000,https://down-vn.img.susercontent.com/file/06a27f3b64c43491b40e44cbe25ebfbc.webp
Shoe storage,White multi-purpose shoe bag,White,4000,https://down-vn.img.susercontent.com/file/vn-11134207-7r98o-lx6q0xrd7owp66.webp
Shoe storage,"Yonex multi-purpose drawstring bag, waterproof",White,25000,https://down-vn.img.susercontent.com/file/vn-11134207-7qukw-lghi34bzp7uf15.webp
Shoe storage,Waterproof 3-compartment shoe bag,Blue,75000,https://down-vn.img.susercontent.com/file/vn-11134207-7r98o-llwg5nuclujjc5.webp
Shoe storage,"Compact, colorful travel shoe bag",Red,19000,https://down-vn.img.susercontent.com/file/vn-11134201-23020-tj6yqqepmlnvd4.webp
Shoe storage,150W UV 360? Shoe Dryer,White,109000,https://down-vn.img.susercontent.com/file/vn-11134207-7ras8-m1b4v1ukzom0be.webp
Shoe storage,Shoe dryer deodorizes shoes and socks.,Black,195000,https://down-vn.img.susercontent.com/file/vn-11134207-7r98o-lnclr6w28lwt72.webp
Accessories to support wearing shoes,Bamboo Charcoal Mesh Shoe Insoles,White,12490,https://down-vn.img.susercontent.com/file/vn-11134207-7qukw-lhzpf3a1e3epf1.webp
Accessories to support wearing shoes,Deodorizing Shoe Insoles With Peppermint Essence,Black,19000,https://down-vn.img.susercontent.com/file/vn-11134207-7ras8-m4llnnkrici7e4.webp
Accessories to support wearing shoes,4D Foling Shock Absorbing Premium Sports Shoe Insole,Blue,10000,https://down-vn.img.susercontent.com/file/vn-11134207-7r98o-lve2ekzv4ostd5.webp
Accessories to support wearing shoes,120cm sports shoe laces,Black,5000,https://down-vn.img.susercontent.com/file/vn-11134207-7r98o-lp7jtzi29il7b6.webp
Waterproof,Silicone Shoe Covers,White,33000,https://down-vn.img.susercontent.com/file/vn-11134201-7r98o-m0azkgwpoznz70.webp
Waterproof,SKSTECH Waterproof Shoe Cover,Blue,25000,https://down-vn.img.susercontent.com/file/ce7568ef15a310713e3534e13f3d1cf7.webp
Waterproof,Double Zipper Rain Boots,Black,56000,https://down-vn.img.susercontent.com/file/vn-11134207-7qukw-lk8algpfmwtw1f.webp
Waterproof,"Rain boots, waterproof shoe covers",Blue,1000,https://down-vn.img.susercontent.com/file/sg-11134201-23020-nthfr3tcarnv12.webp
